believed_profit_month1,realized_profit_year,realized_after_tax,oracle_profit_year,oracle_after_tax
3195.103469202422,36479.1220608172,29183.29764865376,44350.64067104494,35480.51253683595
