believed_profit_month1,realized_profit_year,realized_after_tax,oracle_profit_year,oracle_after_tax
3195.103469202422,-65194.51602425461,-65194.51602425461,-58036.74573276728,-58036.74573276728
