believed_profit_month1,realized_profit_year,realized_after_tax,oracle_profit_year,oracle_after_tax
3195.103469202422,88272.11057332472,70617.6884586597,98773.3102741408,79018.64821931263
