believed_profit_month1,realized_profit_year,realized_after_tax,oracle_profit_year,oracle_after_tax
3195.103469202422,91348.90302714927,73079.12242171934,101307.85890848737,81046.28712678993
