year,vat_remitted,payroll_tax,profit_before_tax,profit_tax,profit_after_tax
2025,16352.94647376179,0.0,36535.92239189567,7307.184478379135,29228.737913516536
