believed_profit_month1,realized_profit_year,realized_after_tax,oracle_profit_year,oracle_after_tax
3195.103469202422,83154.41210958816,66107.48056654402,93453.32092270104,74762.6567381609
