believed_profit_month1,realized_profit_year,realized_after_tax,oracle_profit_year,oracle_after_tax
3195.103469202422,85516.36931599572,68316.8253619191,95675.73900118412,76540.59120094731
