location_id,rent,setup_cost,operational_needs,shelf_capacity_units,shelf_slots
0,1220.173977246203,3396.781274018232,2,9529,267
1,1733.5176835000502,2271.1052798165415,2,11102,327
2,903.969029778062,4477.308517080021,1,7490,188
3,1578.7844495792974,2362.4471719287117,2,10914,320
4,2142.0599611306775,816.488557770774,2,11654,348
5,1160.6613714012246,3866.8959091731863,1,8677,234
6,1452.3334236046844,2224.434656146277,2,10299,296
7,1297.6839000208818,3614.156447937567,2,9446,263
