year,vat_remitted,payroll_tax,profit_before_tax,profit_tax,profit_after_tax
2025,16311.613607007814,0.0,36056.90308331344,7211.380616662688,28845.52246665075
2026,14692.693801923933,0.0,64085.755279553516,12817.151055910705,51268.60422364281
2027,15210.388443239204,0.0,67046.26424163472,13409.252848326945,53637.01139330778
