year,vat_remitted,payroll_tax,profit_before_tax,profit_tax,profit_after_tax
2025,16379.028358003969,0.0,36479.12206081728,7295.824412163456,29183.297648653825
2026,14495.154358940417,0.0,62748.01375306991,12549.602750613982,50198.41100245593
2027,15058.640388340671,0.0,65930.74815879561,13186.149631759123,52744.59852703649
