believed_profit_month1,realized_profit_year,realized_after_tax,oracle_profit_year,oracle_after_tax
3195.103469202422,35747.563069271506,28598.050455417204,43289.57320548175,34631.6585643854
