year,vat_remitted,payroll_tax,profit_before_tax,profit_tax,profit_after_tax
2025,16274.597794195866,0.0,35747.563069271506,7149.512613854302,28598.050455417204
