year,vat_remitted,payroll_tax,profit_before_tax,profit_tax,profit_after_tax
2025,15161.86374909734,0.0,38412.57202589337,7682.514405178675,30730.0576207147
