believed_profit_month1,realized_profit_year,realized_after_tax,oracle_profit_year,oracle_after_tax
3195.103469202422,36535.92239189567,29228.737913516536,44197.27786892059,35357.82229513647
