year,vat_remitted,payroll_tax,profit_before_tax,profit_tax,profit_after_tax
2025,16453.75875723388,0.0,35943.895404689596,7188.779080937919,28755.116323751678
