year,vat_remitted,payroll_tax,profit_before_tax,profit_tax,profit_after_tax
2025,16727.03557435177,19548.9,-65194.51602425461,0.0,-65194.51602425461
