believed_profit_month1,realized_profit_year,realized_after_tax,oracle_profit_year,oracle_after_tax
3195.103469202422,38412.57202589337,30730.0576207147,45989.50118242926,36791.600945943406
