year,vat_remitted,payroll_tax,profit_before_tax,profit_tax,profit_after_tax
2025,16379.028358003969,0.0,36479.12206081728,7295.824412163456,29183.297648653825
2026,14054.42189396339,1847.3728,48755.53565440343,9751.107130880686,39004.42852352274
2027,15116.61873869849,11332.57216,3037.452858104395,607.490571620879,2429.962286483516
