year,vat_remitted,payroll_tax,profit_before_tax,profit_tax,profit_after_tax
2025,16311.613607007814,0.0,36056.90308331344,7211.380616662688,28845.52246665075
2026,14220.805284489972,1847.3728,49940.81668706965,9988.163337413931,39952.653349655724
2027,14754.162957889552,11332.57216,-481.3504543878248,0.0,-481.3504543878248
