believed_profit_month1,realized_profit_year,realized_after_tax,oracle_profit_year,oracle_after_tax
3195.103469202422,35943.895404689596,28755.116323751678,44776.40887857287,35821.12710285829
