year,vat_remitted,payroll_tax,profit_before_tax,profit_tax,profit_after_tax
2025,16379.028358003969,0.0,36479.1220608172,7295.824412163441,29183.29764865376
