believed_profit_month1,realized_profit_year,realized_after_tax,oracle_profit_year,oracle_after_tax
3195.103469202422,167188.9226045016,133751.13808360125,192628.4517411032,154102.76139288256
