believed_profit_month1,realized_profit_year,realized_after_tax,oracle_profit_year,oracle_after_tax
3195.103469202422,165157.8839726824,132126.30717814586,190945.2741609147,152756.21932873182
